<?xml version="1.0" encoding="UTF-8" standalone="yes"?>
<addon id="repository.First_addon" name="FlotherGosTv" version="0.0.1" provider-name="SIMPLE TECHNERD">
	<extension point="xbmc.addon.repository" name="FlotherGosTv">
		<info compressed="false">flothergostvrepo.000webhostapp.com/Zips/addons.xml</info>
		<checksum>flothergostvrepo.000webhostapp.com/Zips/addons.xml.md5</checksum>
		<datadir zip="true">flothergostvrepo.000webhostapp.com/Zips/</datadir>
	</extension>
	<extension point="xbmc.addon.metadata">
		<summary>Simple Kodi Tutorial.</summary>
		<description>How to create a Kodi Repository</description>
		<platform>all</platform>
	</extension>
</addon>

